org.apache.commons.cli.Parser,jump,138,139
org.apache.commons.cli.Parser,jump,148,150
org.apache.commons.cli.Parser,jump,160,162
org.apache.commons.cli.Parser,jump,165,167
org.apache.commons.cli.Parser,jump,171,173
org.apache.commons.cli.Parser,jump,173,175
org.apache.commons.cli.Parser,jump,184,186
org.apache.commons.cli.Parser,jump,186,188
org.apache.commons.cli.Parser,jump,202,204
org.apache.commons.cli.Parser,jump,209,211
org.apache.commons.cli.Parser,jump,211,213
org.apache.commons.cli.Parser,jump,216,218
org.apache.commons.cli.Parser,jump,238,240
org.apache.commons.cli.Parser,jump,243,245
org.apache.commons.cli.Parser,jump,247,249
org.apache.commons.cli.Parser,jump,254,256
org.apache.commons.cli.Parser,jump,256,261
org.apache.commons.cli.Parser,jump,269,275
org.apache.commons.cli.Parser,jump,295,297
org.apache.commons.cli.Parser,jump,302,304
org.apache.commons.cli.Parser,jump,327,329
org.apache.commons.cli.Parser,jump,332,334
org.apache.commons.cli.Parser,jump,350,352
org.apache.commons.cli.Parser,jump,375,377
org.apache.commons.cli.Parser,jump,386,388
org.apache.commons.cli.Parser,jump,393,395
org.apache.commons.cli.Parser,jump,397,399
org.apache.commons.cli.Parser,jump,406,408
